Year,Time,Home Team,Home Score,Away Score,Away Team,Odd 1,Odd X,Odd 2
2021,21:30,America MG,2,0,Sao Paulo,2.00,3.32,3.98
2021,21:30,Atletico GO,2,0,Flamengo RJ,1.72,3.89,4.57
2021,21:30,Bragantino,1,0,Internacional,1.90,3.65,4.01
2021,21:30,Juventude,1,0,Corinthians,2.25,3.10,3.52
2021,21:30,Fluminense,3,0,Chapecoense-SC,1.19,6.62,15.82
2021,21:30,Fortaleza,2,1,Bahia,2.49,3.23,2.92
2021,21:30,Gremio,4,3,Atletico-MG,1.53,4.37,5.75
2021,21:30,Palmeiras,1,0,Ceara,4.06,3.75,1.85
2021,21:30,Santos,1,1,Cuiaba,2.08,3.04,4.11
2021,21:30,Sport Recife,1,1,Athletico-PR,1.71,3.59,5.27
2021,21:00,Chapecoense-SC,0,1,Sport Recife,3.02,3.11,2.48
2021,20:00,Cuiaba,1,0,Fortaleza,2.10,3.08,3.92
2021,20:00,Flamengo RJ,0,1,Santos,1.52,4.56,5.80
2021,20:00,Internacional,1,2,Atletico GO,1.55,4.00,6.16
2021,19:00,Athletico-PR,0,0,Palmeiras,1.42,4.45,7.86
2021,19:00,Sao Paulo,3,1,Juventude,1.63,3.58,6.14
2021,19:00,Ceara,0,0,America MG,2.13,3.21,3.66
2021,16:00,Atletico-MG,4,3,Bragantino,1.95,3.43,4.04
2021,16:00,Bahia,2,0,Fluminense,2.04,3.18,3.99
2021,16:00,Corinthians,1,1,Gremio,2.26,3.35,3.17
2021,21:00,Fortaleza,1,0,Juventude,1.71,3.53,5.27
2021,20:00,Chapecoense-SC,0,1,Atletico GO,3.73,3.21,2.10
2021,20:00,Sport Recife,1,1,Flamengo RJ,4.73,3.81,1.72
2021,19:00,Athletico-PR,1,0,Cuiaba,1.73,3.22,5.98
2021,20:00,Gremio,3,0,Sao Paulo,2.19,3.19,3.49
2021,18:00,Bahia,2,3,Atletico-MG,4.19,3.20,1.99
2021,22:00,Cuiaba,1,3,Palmeiras,1.74,3.49,5.13
2021,21:00,America MG,3,0,Chapecoense-SC,1.27,5.53,11.36
2021,20:00,Flamengo RJ,2,1,Ceara,1.43,4.59,7.06
2021,19:00,Juventude,1,0,Bragantino,2.43,2.99,3.25
2021,19:00,Atletico GO,2,1,Bahia,2.54,3.04,3.01
2021,19:00,Internacional,1,1,Santos,1.58,3.92,6.13
2021,16:00,Atletico-MG,2,1,Fluminense,1.38,4.63,9.08
2021,16:00,Corinthians,1,0,Athletico-PR,1.99,3.12,4.30
2021,21:30,Sao Paulo,2,0,Sport Recife,1.49,4.09,7.18
2021,19:30,Bragantino,1,1,America MG,1.96,3.41,4.10
2021,19:00,Bahia,3,1,Gremio,2.59,3.12,2.89
2021,20:00,Ceara,2,1,Corinthians,2.36,3.09,3.30
2021,19:00,Santos,2,0,Fortaleza,2.78,2.98,2.82
2021,21:30,Fluminense,1,0,Internacional,2.39,3.04,3.26
2021,21:30,Sao Paulo,0,0,Athletico-PR,1.84,3.26,4.85
2021,21:30,Palmeiras,2,2,Atletico-MG,4.64,3.58,1.79
2021,21:00,Gremio,2,2,Flamengo RJ,2.03,3.56,3.55
2021,19:00,Atletico GO,1,1,Juventude,2.13,3.02,3.97
2021,19:00,Bahia,0,0,Cuiaba,1.85,3.31,4.67
2021,17:00,Fluminense,2,0,America MG,2.17,3.16,3.61
2021,16:00,Corinthians,2,0,Santos,1.74,3.35,5.67
2021,21:30,Internacional,1,2,Flamengo RJ,3.89,3.44,2.00
2021,21:00,Atletico GO,1,1,Ceara,2.28,3.14,3.38
2021,19:00,Atletico-MG,2,0,Juventude,1.32,5.06,10.13
2021,21:30,America MG,2,0,Sao Paulo,2.00,3.32,3.98
2021,21:30,Atletico GO,2,0,Flamengo RJ,1.72,3.89,4.57
2021,21:30,Bragantino,1,0,Internacional,1.90,3.65,4.01
2021,21:30,Juventude,1,0,Corinthians,2.25,3.10,3.52
2021,21:30,Fluminense,3,0,Chapecoense-SC,1.19,6.62,15.82
2021,21:30,Fortaleza,2,1,Bahia,2.49,3.23,2.92
2021,21:30,Gremio,4,3,Atletico-MG,1.53,4.37,5.75
2021,21:30,Palmeiras,1,0,Ceara,4.06,3.75,1.85
2021,21:30,Santos,1,1,Cuiaba,2.08,3.04,4.11
2021,21:30,Sport Recife,1,1,Athletico-PR,1.71,3.59,5.27
2021,21:00,Chapecoense-SC,0,1,Sport Recife,3.02,3.11,2.48
2021,20:00,Cuiaba,1,0,Fortaleza,2.10,3.08,3.92
2021,20:00,Flamengo RJ,0,1,Santos,1.52,4.56,5.80
2021,20:00,Internacional,1,2,Atletico GO,1.55,4.00,6.16
2021,19:00,Athletico-PR,0,0,Palmeiras,1.42,4.45,7.86
2021,19:00,Sao Paulo,3,1,Juventude,1.63,3.58,6.14
2021,19:00,Ceara,0,0,America MG,2.13,3.21,3.66
2021,16:00,Atletico-MG,4,3,Bragantino,1.95,3.43,4.04
2021,16:00,Bahia,2,0,Fluminense,2.04,3.18,3.99
2021,16:00,Corinthians,1,1,Gremio,2.26,3.35,3.17
2021,21:00,Fortaleza,1,0,Juventude,1.71,3.53,5.27
2021,20:00,Chapecoense-SC,0,1,Atletico GO,3.73,3.21,2.10
2021,20:00,Sport Recife,1,1,Flamengo RJ,4.73,3.81,1.72
2021,19:00,Athletico-PR,1,0,Cuiaba,1.73,3.22,5.98
2021,20:00,Gremio,3,0,Sao Paulo,2.19,3.19,3.49
2021,18:00,Bahia,2,3,Atletico-MG,4.19,3.20,1.99
2021,22:00,Cuiaba,1,3,Palmeiras,1.74,3.49,5.13
2021,21:00,America MG,3,0,Chapecoense-SC,1.27,5.53,11.36
2021,20:00,Flamengo RJ,2,1,Ceara,1.43,4.59,7.06
2021,19:00,Juventude,1,0,Bragantino,2.43,2.99,3.25
2021,19:00,Atletico GO,2,1,Bahia,2.54,3.04,3.01
2021,19:00,Internacional,1,1,Santos,1.58,3.92,6.13
2021,16:00,Atletico-MG,2,1,Fluminense,1.38,4.63,9.08
2021,16:00,Corinthians,1,0,Athletico-PR,1.99,3.12,4.30
2021,21:30,Sao Paulo,2,0,Sport Recife,1.49,4.09,7.18
2021,19:30,Bragantino,1,1,America MG,1.96,3.41,4.10
2021,19:00,Bahia,3,1,Gremio,2.59,3.12,2.89
2021,20:00,Ceara,2,1,Corinthians,2.36,3.09,3.30
2021,19:00,Santos,2,0,Fortaleza,2.78,2.98,2.82
2021,21:30,Fluminense,1,0,Internacional,2.39,3.04,3.26
2021,21:30,Sao Paulo,0,0,Athletico-PR,1.84,3.26,4.85
2021,21:30,Palmeiras,2,2,Atletico-MG,4.64,3.58,1.79
2021,21:00,Gremio,2,2,Flamengo RJ,2.03,3.56,3.55
2021,19:00,Atletico GO,1,1,Juventude,2.13,3.02,3.97
2021,19:00,Bahia,0,0,Cuiaba,1.85,3.31,4.67
2021,17:00,Fluminense,2,0,America MG,2.17,3.16,3.61
2021,16:00,Corinthians,2,0,Santos,1.74,3.35,5.67
2021,21:30,Internacional,1,2,Flamengo RJ,3.89,3.44,2.00
2021,21:00,Atletico GO,1,1,Ceara,2.28,3.14,3.38
2021,19:00,Atletico-MG,2,0,Juventude,1.32,5.06,10.13
2021,21:30,America MG,2,0,Sao Paulo,2.00,3.32,3.98
2021,21:30,Atletico GO,2,0,Flamengo RJ,1.72,3.89,4.57
2021,21:30,Bragantino,1,0,Internacional,1.90,3.65,4.01
2021,21:30,Juventude,1,0,Corinthians,2.25,3.10,3.52
2021,21:30,Fluminense,3,0,Chapecoense-SC,1.19,6.62,15.82
2021,21:30,Fortaleza,2,1,Bahia,2.49,3.23,2.92
2021,21:30,Gremio,4,3,Atletico-MG,1.53,4.37,5.75
2021,21:30,Palmeiras,1,0,Ceara,4.06,3.75,1.85
2021,21:30,Santos,1,1,Cuiaba,2.08,3.04,4.11
2021,21:30,Sport Recife,1,1,Athletico-PR,1.71,3.59,5.27
2021,21:00,Chapecoense-SC,0,1,Sport Recife,3.02,3.11,2.48
2021,20:00,Cuiaba,1,0,Fortaleza,2.10,3.08,3.92
2021,20:00,Flamengo RJ,0,1,Santos,1.52,4.56,5.80
2021,20:00,Internacional,1,2,Atletico GO,1.55,4.00,6.16
2021,19:00,Athletico-PR,0,0,Palmeiras,1.42,4.45,7.86
2021,19:00,Sao Paulo,3,1,Juventude,1.63,3.58,6.14
2021,19:00,Ceara,0,0,America MG,2.13,3.21,3.66
2021,16:00,Atletico-MG,4,3,Bragantino,1.95,3.43,4.04
2021,16:00,Bahia,2,0,Fluminense,2.04,3.18,3.99
2021,16:00,Corinthians,1,1,Gremio,2.26,3.35,3.17
2021,21:00,Fortaleza,1,0,Juventude,1.71,3.53,5.27
2021,20:00,Chapecoense-SC,0,1,Atletico GO,3.73,3.21,2.10
2021,20:00,Sport Recife,1,1,Flamengo RJ,4.73,3.81,1.72
2021,19:00,Athletico-PR,1,0,Cuiaba,1.73,3.22,5.98
2021,20:00,Gremio,3,0,Sao Paulo,2.19,3.19,3.49
2021,18:00,Bahia,2,3,Atletico-MG,4.19,3.20,1.99
2021,22:00,Cuiaba,1,3,Palmeiras,1.74,3.49,5.13
2021,21:00,America MG,3,0,Chapecoense-SC,1.27,5.53,11.36
2021,20:00,Flamengo RJ,2,1,Ceara,1.43,4.59,7.06
2021,19:00,Juventude,1,0,Bragantino,2.43,2.99,3.25
2021,19:00,Atletico GO,2,1,Bahia,2.54,3.04,3.01
2021,19:00,Internacional,1,1,Santos,1.58,3.92,6.13
2021,16:00,Atletico-MG,2,1,Fluminense,1.38,4.63,9.08
2021,16:00,Corinthians,1,0,Athletico-PR,1.99,3.12,4.30
2021,21:30,Sao Paulo,2,0,Sport Recife,1.49,4.09,7.18
2021,19:30,Bragantino,1,1,America MG,1.96,3.41,4.10
2021,19:00,Bahia,3,1,Gremio,2.59,3.12,2.89
2021,20:00,Ceara,2,1,Corinthians,2.36,3.09,3.30
2021,19:00,Santos,2,0,Fortaleza,2.78,2.98,2.82
2021,21:30,Fluminense,1,0,Internacional,2.39,3.04,3.26
2021,21:30,Sao Paulo,0,0,Athletico-PR,1.84,3.26,4.85
2021,21:30,Palmeiras,2,2,Atletico-MG,4.64,3.58,1.79
2021,21:00,Gremio,2,2,Flamengo RJ,2.03,3.56,3.55
2021,19:00,Atletico GO,1,1,Juventude,2.13,3.02,3.97
2021,19:00,Bahia,0,0,Cuiaba,1.85,3.31,4.67
2021,17:00,Fluminense,2,0,America MG,2.17,3.16,3.61
2021,16:00,Corinthians,2,0,Santos,1.74,3.35,5.67
2021,21:30,Internacional,1,2,Flamengo RJ,3.89,3.44,2.00
2021,21:00,Atletico GO,1,1,Ceara,2.28,3.14,3.38
2021,19:00,Atletico-MG,2,0,Juventude,1.32,5.06,10.13
2021,21:30,America MG,2,0,Sao Paulo,2.00,3.32,3.98
2021,21:30,Atletico GO,2,0,Flamengo RJ,1.72,3.89,4.57
2021,21:30,Bragantino,1,0,Internacional,1.90,3.65,4.01
2021,21:30,Juventude,1,0,Corinthians,2.25,3.10,3.52
2021,21:30,Fluminense,3,0,Chapecoense-SC,1.19,6.62,15.82
2021,21:30,Fortaleza,2,1,Bahia,2.49,3.23,2.92
2021,21:30,Gremio,4,3,Atletico-MG,1.53,4.37,5.75
2021,21:30,Palmeiras,1,0,Ceara,4.06,3.75,1.85
2021,21:30,Santos,1,1,Cuiaba,2.08,3.04,4.11
2021,21:30,Sport Recife,1,1,Athletico-PR,1.71,3.59,5.27
2021,21:00,Chapecoense-SC,0,1,Sport Recife,3.02,3.11,2.48
2021,20:00,Cuiaba,1,0,Fortaleza,2.10,3.08,3.92
2021,20:00,Flamengo RJ,0,1,Santos,1.52,4.56,5.80
2021,20:00,Internacional,1,2,Atletico GO,1.55,4.00,6.16
2021,19:00,Athletico-PR,0,0,Palmeiras,1.42,4.45,7.86
2021,19:00,Sao Paulo,3,1,Juventude,1.63,3.58,6.14
2021,19:00,Ceara,0,0,America MG,2.13,3.21,3.66
2021,16:00,Atletico-MG,4,3,Bragantino,1.95,3.43,4.04
2021,16:00,Bahia,2,0,Fluminense,2.04,3.18,3.99
2021,16:00,Corinthians,1,1,Gremio,2.26,3.35,3.17
2021,21:00,Fortaleza,1,0,Juventude,1.71,3.53,5.27
2021,20:00,Chapecoense-SC,0,1,Atletico GO,3.73,3.21,2.10
2021,20:00,Sport Recife,1,1,Flamengo RJ,4.73,3.81,1.72
2021,19:00,Athletico-PR,1,0,Cuiaba,1.73,3.22,5.98
2021,20:00,Gremio,3,0,Sao Paulo,2.19,3.19,3.49
2021,18:00,Bahia,2,3,Atletico-MG,4.19,3.20,1.99
2021,22:00,Cuiaba,1,3,Palmeiras,1.74,3.49,5.13
2021,21:00,America MG,3,0,Chapecoense-SC,1.27,5.53,11.36
2021,20:00,Flamengo RJ,2,1,Ceara,1.43,4.59,7.06
2021,19:00,Juventude,1,0,Bragantino,2.43,2.99,3.25
2021,19:00,Atletico GO,2,1,Bahia,2.54,3.04,3.01
2021,19:00,Internacional,1,1,Santos,1.58,3.92,6.13
2021,16:00,Atletico-MG,2,1,Fluminense,1.38,4.63,9.08
2021,16:00,Corinthians,1,0,Athletico-PR,1.99,3.12,4.30
2021,21:30,Sao Paulo,2,0,Sport Recife,1.49,4.09,7.18
2021,19:30,Bragantino,1,1,America MG,1.96,3.41,4.10
2021,19:00,Bahia,3,1,Gremio,2.59,3.12,2.89
2021,20:00,Ceara,2,1,Corinthians,2.36,3.09,3.30
2021,19:00,Santos,2,0,Fortaleza,2.78,2.98,2.82
2021,21:30,Fluminense,1,0,Internacional,2.39,3.04,3.26
2021,21:30,Sao Paulo,0,0,Athletico-PR,1.84,3.26,4.85
2021,21:30,Palmeiras,2,2,Atletico-MG,4.64,3.58,1.79
2021,21:00,Gremio,2,2,Flamengo RJ,2.03,3.56,3.55
2021,19:00,Atletico GO,1,1,Juventude,2.13,3.02,3.97
2021,19:00,Bahia,0,0,Cuiaba,1.85,3.31,4.67
2021,17:00,Fluminense,2,0,America MG,2.17,3.16,3.61
2021,16:00,Corinthians,2,0,Santos,1.74,3.35,5.67
2021,21:30,Internacional,1,2,Flamengo RJ,3.89,3.44,2.00
2021,21:00,Atletico GO,1,1,Ceara,2.28,3.14,3.38
2021,19:00,Atletico-MG,2,0,Juventude,1.32,5.06,10.13
2021,21:30,America MG,2,0,Sao Paulo,2.00,3.32,3.98
2021,21:30,Atletico GO,2,0,Flamengo RJ,1.72,3.89,4.57
2021,21:30,Bragantino,1,0,Internacional,1.90,3.65,4.01
2021,21:30,Juventude,1,0,Corinthians,2.25,3.10,3.52
2021,21:30,Fluminense,3,0,Chapecoense-SC,1.19,6.62,15.82
2021,21:30,Fortaleza,2,1,Bahia,2.49,3.23,2.92
2021,21:30,Gremio,4,3,Atletico-MG,1.53,4.37,5.75
2021,21:30,Palmeiras,1,0,Ceara,4.06,3.75,1.85
2021,21:30,Santos,1,1,Cuiaba,2.08,3.04,4.11
2021,21:30,Sport Recife,1,1,Athletico-PR,1.71,3.59,5.27
2021,21:00,Chapecoense-SC,0,1,Sport Recife,3.02,3.11,2.48
2021,20:00,Cuiaba,1,0,Fortaleza,2.10,3.08,3.92
2021,20:00,Flamengo RJ,0,1,Santos,1.52,4.56,5.80
2021,20:00,Internacional,1,2,Atletico GO,1.55,4.00,6.16
2021,19:00,Athletico-PR,0,0,Palmeiras,1.42,4.45,7.86
2021,19:00,Sao Paulo,3,1,Juventude,1.63,3.58,6.14
2021,19:00,Ceara,0,0,America MG,2.13,3.21,3.66
2021,16:00,Atletico-MG,4,3,Bragantino,1.95,3.43,4.04
2021,16:00,Bahia,2,0,Fluminense,2.04,3.18,3.99
2021,16:00,Corinthians,1,1,Gremio,2.26,3.35,3.17
2021,21:00,Fortaleza,1,0,Juventude,1.71,3.53,5.27
2021,20:00,Chapecoense-SC,0,1,Atletico GO,3.73,3.21,2.10
2021,20:00,Sport Recife,1,1,Flamengo RJ,4.73,3.81,1.72
2021,19:00,Athletico-PR,1,0,Cuiaba,1.73,3.22,5.98
2021,20:00,Gremio,3,0,Sao Paulo,2.19,3.19,3.49
2021,18:00,Bahia,2,3,Atletico-MG,4.19,3.20,1.99
2021,22:00,Cuiaba,1,3,Palmeiras,1.74,3.49,5.13
2021,21:00,America MG,3,0,Chapecoense-SC,1.27,5.53,11.36
2021,20:00,Flamengo RJ,2,1,Ceara,1.43,4.59,7.06
2021,19:00,Juventude,1,0,Bragantino,2.43,2.99,3.25
2021,19:00,Atletico GO,2,1,Bahia,2.54,3.04,3.01
2021,19:00,Internacional,1,1,Santos,1.58,3.92,6.13
2021,16:00,Atletico-MG,2,1,Fluminense,1.38,4.63,9.08
2021,16:00,Corinthians,1,0,Athletico-PR,1.99,3.12,4.30
2021,21:30,Sao Paulo,2,0,Sport Recife,1.49,4.09,7.18
2021,19:30,Bragantino,1,1,America MG,1.96,3.41,4.10
2021,19:00,Bahia,3,1,Gremio,2.59,3.12,2.89
2021,20:00,Ceara,2,1,Corinthians,2.36,3.09,3.30
2021,19:00,Santos,2,0,Fortaleza,2.78,2.98,2.82
2021,21:30,Fluminense,1,0,Internacional,2.39,3.04,3.26
2021,21:30,Sao Paulo,0,0,Athletico-PR,1.84,3.26,4.85
2021,21:30,Palmeiras,2,2,Atletico-MG,4.64,3.58,1.79
2021,21:00,Gremio,2,2,Flamengo RJ,2.03,3.56,3.55
2021,19:00,Atletico GO,1,1,Juventude,2.13,3.02,3.97
2021,19:00,Bahia,0,0,Cuiaba,1.85,3.31,4.67
2021,17:00,Fluminense,2,0,America MG,2.17,3.16,3.61
2021,16:00,Corinthians,2,0,Santos,1.74,3.35,5.67
2021,21:30,Internacional,1,2,Flamengo RJ,3.89,3.44,2.00
2021,21:00,Atletico GO,1,1,Ceara,2.28,3.14,3.38
2021,19:00,Atletico-MG,2,0,Juventude,1.32,5.06,10.13
2021,21:30,America MG,2,0,Sao Paulo,2.00,3.32,3.98
2021,21:30,Atletico GO,2,0,Flamengo RJ,1.72,3.89,4.57
2021,21:30,Bragantino,1,0,Internacional,1.90,3.65,4.01
2021,21:30,Juventude,1,0,Corinthians,2.25,3.10,3.52
2021,21:30,Fluminense,3,0,Chapecoense-SC,1.19,6.62,15.82
2021,21:30,Fortaleza,2,1,Bahia,2.49,3.23,2.92
2021,21:30,Gremio,4,3,Atletico-MG,1.53,4.37,5.75
2021,21:30,Palmeiras,1,0,Ceara,4.06,3.75,1.85
2021,21:30,Santos,1,1,Cuiaba,2.08,3.04,4.11
2021,21:30,Sport Recife,1,1,Athletico-PR,1.71,3.59,5.27
2021,21:00,Chapecoense-SC,0,1,Sport Recife,3.02,3.11,2.48
2021,20:00,Cuiaba,1,0,Fortaleza,2.10,3.08,3.92
2021,20:00,Flamengo RJ,0,1,Santos,1.52,4.56,5.80
2021,20:00,Internacional,1,2,Atletico GO,1.55,4.00,6.16
2021,19:00,Athletico-PR,0,0,Palmeiras,1.42,4.45,7.86
2021,19:00,Sao Paulo,3,1,Juventude,1.63,3.58,6.14
2021,19:00,Ceara,0,0,America MG,2.13,3.21,3.66
2021,16:00,Atletico-MG,4,3,Bragantino,1.95,3.43,4.04
2021,16:00,Bahia,2,0,Fluminense,2.04,3.18,3.99
2021,16:00,Corinthians,1,1,Gremio,2.26,3.35,3.17
2021,21:00,Fortaleza,1,0,Juventude,1.71,3.53,5.27
2021,20:00,Chapecoense-SC,0,1,Atletico GO,3.73,3.21,2.10
2021,20:00,Sport Recife,1,1,Flamengo RJ,4.73,3.81,1.72
2021,19:00,Athletico-PR,1,0,Cuiaba,1.73,3.22,5.98
2021,20:00,Gremio,3,0,Sao Paulo,2.19,3.19,3.49
2021,18:00,Bahia,2,3,Atletico-MG,4.19,3.20,1.99
2021,22:00,Cuiaba,1,3,Palmeiras,1.74,3.49,5.13
2021,21:00,America MG,3,0,Chapecoense-SC,1.27,5.53,11.36
2021,20:00,Flamengo RJ,2,1,Ceara,1.43,4.59,7.06
2021,19:00,Juventude,1,0,Bragantino,2.43,2.99,3.25
2021,19:00,Atletico GO,2,1,Bahia,2.54,3.04,3.01
2021,19:00,Internacional,1,1,Santos,1.58,3.92,6.13
2021,16:00,Atletico-MG,2,1,Fluminense,1.38,4.63,9.08
2021,16:00,Corinthians,1,0,Athletico-PR,1.99,3.12,4.30
2021,21:30,Sao Paulo,2,0,Sport Recife,1.49,4.09,7.18
2021,19:30,Bragantino,1,1,America MG,1.96,3.41,4.10
2021,19:00,Bahia,3,1,Gremio,2.59,3.12,2.89
2021,20:00,Ceara,2,1,Corinthians,2.36,3.09,3.30
2021,19:00,Santos,2,0,Fortaleza,2.78,2.98,2.82
2021,21:30,Fluminense,1,0,Internacional,2.39,3.04,3.26
2021,21:30,Sao Paulo,0,0,Athletico-PR,1.84,3.26,4.85
2021,21:30,Palmeiras,2,2,Atletico-MG,4.64,3.58,1.79
2021,21:00,Gremio,2,2,Flamengo RJ,2.03,3.56,3.55
2021,19:00,Atletico GO,1,1,Juventude,2.13,3.02,3.97
2021,19:00,Bahia,0,0,Cuiaba,1.85,3.31,4.67
2021,17:00,Fluminense,2,0,America MG,2.17,3.16,3.61
2021,16:00,Corinthians,2,0,Santos,1.74,3.35,5.67
2021,21:30,Internacional,1,2,Flamengo RJ,3.89,3.44,2.00
2021,21:00,Atletico GO,1,1,Ceara,2.28,3.14,3.38
2021,19:00,Atletico-MG,2,0,Juventude,1.32,5.06,10.13
2021,21:30,America MG,2,0,Sao Paulo,2.00,3.32,3.98
2021,21:30,Atletico GO,2,0,Flamengo RJ,1.72,3.89,4.57
2021,21:30,Bragantino,1,0,Internacional,1.90,3.65,4.01
2021,21:30,Juventude,1,0,Corinthians,2.25,3.10,3.52
2021,21:30,Fluminense,3,0,Chapecoense-SC,1.19,6.62,15.82
2021,21:30,Fortaleza,2,1,Bahia,2.49,3.23,2.92
2021,21:30,Gremio,4,3,Atletico-MG,1.53,4.37,5.75
2021,21:30,Palmeiras,1,0,Ceara,4.06,3.75,1.85
2021,21:30,Santos,1,1,Cuiaba,2.08,3.04,4.11
2021,21:30,Sport Recife,1,1,Athletico-PR,1.71,3.59,5.27
2021,21:00,Chapecoense-SC,0,1,Sport Recife,3.02,3.11,2.48
2021,20:00,Cuiaba,1,0,Fortaleza,2.10,3.08,3.92
2021,20:00,Flamengo RJ,0,1,Santos,1.52,4.56,5.80
2021,20:00,Internacional,1,2,Atletico GO,1.55,4.00,6.16
2021,19:00,Athletico-PR,0,0,Palmeiras,1.42,4.45,7.86
2021,19:00,Sao Paulo,3,1,Juventude,1.63,3.58,6.14
2021,19:00,Ceara,0,0,America MG,2.13,3.21,3.66
2021,16:00,Atletico-MG,4,3,Bragantino,1.95,3.43,4.04
2021,16:00,Bahia,2,0,Fluminense,2.04,3.18,3.99
2021,16:00,Corinthians,1,1,Gremio,2.26,3.35,3.17
2021,21:00,Fortaleza,1,0,Juventude,1.71,3.53,5.27
2021,20:00,Chapecoense-SC,0,1,Atletico GO,3.73,3.21,2.10
2021,20:00,Sport Recife,1,1,Flamengo RJ,4.73,3.81,1.72
2021,19:00,Athletico-PR,1,0,Cuiaba,1.73,3.22,5.98
2021,20:00,Gremio,3,0,Sao Paulo,2.19,3.19,3.49
2021,18:00,Bahia,2,3,Atletico-MG,4.19,3.20,1.99
2021,22:00,Cuiaba,1,3,Palmeiras,1.74,3.49,5.13
2021,21:00,America MG,3,0,Chapecoense-SC,1.27,5.53,11.36
2021,20:00,Flamengo RJ,2,1,Ceara,1.43,4.59,7.06
2021,19:00,Juventude,1,0,Bragantino,2.43,2.99,3.25
2021,19:00,Atletico GO,2,1,Bahia,2.54,3.04,3.01
2021,19:00,Internacional,1,1,Santos,1.58,3.92,6.13
2021,16:00,Atletico-MG,2,1,Fluminense,1.38,4.63,9.08
2021,16:00,Corinthians,1,0,Athletico-PR,1.99,3.12,4.30
2021,21:30,Sao Paulo,2,0,Sport Recife,1.49,4.09,7.18
2021,19:30,Bragantino,1,1,America MG,1.96,3.41,4.10
2021,19:00,Bahia,3,1,Gremio,2.59,3.12,2.89
2021,20:00,Ceara,2,1,Corinthians,2.36,3.09,3.30
2021,19:00,Santos,2,0,Fortaleza,2.78,2.98,2.82
2021,21:30,Fluminense,1,0,Internacional,2.39,3.04,3.26
2021,21:30,Sao Paulo,0,0,Athletico-PR,1.84,3.26,4.85
2021,21:30,Palmeiras,2,2,Atletico-MG,4.64,3.58,1.79
2021,21:00,Gremio,2,2,Flamengo RJ,2.03,3.56,3.55
2021,19:00,Atletico GO,1,1,Juventude,2.13,3.02,3.97
2021,19:00,Bahia,0,0,Cuiaba,1.85,3.31,4.67
2021,17:00,Fluminense,2,0,America MG,2.17,3.16,3.61
2021,16:00,Corinthians,2,0,Santos,1.74,3.35,5.67
2021,21:30,Internacional,1,2,Flamengo RJ,3.89,3.44,2.00
2021,21:00,Atletico GO,1,1,Ceara,2.28,3.14,3.38
2021,19:00,Atletico-MG,2,0,Juventude,1.32,5.06,10.13
2021,21:30,America MG,2,0,Sao Paulo,2.00,3.32,3.98
2021,21:30,Atletico GO,2,0,Flamengo RJ,1.72,3.89,4.57
2021,21:30,Bragantino,1,0,Internacional,1.90,3.65,4.01
2021,21:30,Juventude,1,0,Corinthians,2.25,3.10,3.52
2021,21:30,Fluminense,3,0,Chapecoense-SC,1.19,6.62,15.82
2021,21:30,Fortaleza,2,1,Bahia,2.49,3.23,2.92
2021,21:30,Gremio,4,3,Atletico-MG,1.53,4.37,5.75
2021,21:30,Palmeiras,1,0,Ceara,4.06,3.75,1.85
2021,21:30,Santos,1,1,Cuiaba,2.08,3.04,4.11
2021,21:30,Sport Recife,1,1,Athletico-PR,1.71,3.59,5.27
2021,21:00,Chapecoense-SC,0,1,Sport Recife,3.02,3.11,2.48
2021,20:00,Cuiaba,1,0,Fortaleza,2.10,3.08,3.92
2021,20:00,Flamengo RJ,0,1,Santos,1.52,4.56,5.80
2021,20:00,Internacional,1,2,Atletico GO,1.55,4.00,6.16
2021,19:00,Athletico-PR,0,0,Palmeiras,1.42,4.45,7.86
2021,19:00,Sao Paulo,3,1,Juventude,1.63,3.58,6.14
2021,19:00,Ceara,0,0,America MG,2.13,3.21,3.66
2021,16:00,Atletico-MG,4,3,Bragantino,1.95,3.43,4.04
2021,16:00,Bahia,2,0,Fluminense,2.04,3.18,3.99
2021,16:00,Corinthians,1,1,Gremio,2.26,3.35,3.17
2021,21:00,Fortaleza,1,0,Juventude,1.71,3.53,5.27
2021,20:00,Chapecoense-SC,0,1,Atletico GO,3.73,3.21,2.10
2021,20:00,Sport Recife,1,1,Flamengo RJ,4.73,3.81,1.72
2021,19:00,Athletico-PR,1,0,Cuiaba,1.73,3.22,5.98
2021,20:00,Gremio,3,0,Sao Paulo,2.19,3.19,3.49
2021,18:00,Bahia,2,3,Atletico-MG,4.19,3.20,1.99
2021,22:00,Cuiaba,1,3,Palmeiras,1.74,3.49,5.13
2021,21:00,America MG,3,0,Chapecoense-SC,1.27,5.53,11.36
2021,20:00,Flamengo RJ,2,1,Ceara,1.43,4.59,7.06
2021,19:00,Juventude,1,0,Bragantino,2.43,2.99,3.25
2021,19:00,Atletico GO,2,1,Bahia,2.54,3.04,3.01
2021,19:00,Internacional,1,1,Santos,1.58,3.92,6.13
2021,16:00,Atletico-MG,2,1,Fluminense,1.38,4.63,9.08
2021,16:00,Corinthians,1,0,Athletico-PR,1.99,3.12,4.30
2021,21:30,Sao Paulo,2,0,Sport Recife,1.49,4.09,7.18
2021,19:30,Bragantino,1,1,America MG,1.96,3.41,4.10
2021,19:00,Bahia,3,1,Gremio,2.59,3.12,2.89
2021,20:00,Ceara,2,1,Corinthians,2.36,3.09,3.30
2021,19:00,Santos,2,0,Fortaleza,2.78,2.98,2.82
2021,21:30,Fluminense,1,0,Internacional,2.39,3.04,3.26
2021,21:30,Sao Paulo,0,0,Athletico-PR,1.84,3.26,4.85
2021,21:30,Palmeiras,2,2,Atletico-MG,4.64,3.58,1.79
2021,21:00,Gremio,2,2,Flamengo RJ,2.03,3.56,3.55
2021,19:00,Atletico GO,1,1,Juventude,2.13,3.02,3.97
2021,19:00,Bahia,0,0,Cuiaba,1.85,3.31,4.67
2021,17:00,Fluminense,2,0,America MG,2.17,3.16,3.61
2021,16:00,Corinthians,2,0,Santos,1.74,3.35,5.67
2021,21:30,Internacional,1,2,Flamengo RJ,3.89,3.44,2.00
2021,21:00,Atletico GO,1,1,Ceara,2.28,3.14,3.38
2021,19:00,Atletico-MG,2,0,Juventude,1.32,5.06,10.13
2022,16:00,America MG,1,1,Atletico GO,1.59,4.30,5.21
2022,16:00,Athletico-PR,3,0,Botafogo RJ,2.18,3.27,3.45
2022,16:00,Bragantino,0,1,Fluminense,2.44,3.53,2.79
2022,16:00,Ceara,4,1,Juventude,1.67,3.89,5.07
2022,16:00,Corinthians,0,1,Atletico-MG,3.05,3.11,2.48
2022,16:00,Cuiaba,2,1,Coritiba,1.94,3.41,4.07
2022,16:00,Goias,0,4,Sao Paulo,4.92,3.83,1.70
2022,16:00,Internacional,3,0,Palmeiras,2.52,3.46,2.74
2022,16:00,Santos,0,2,Fortaleza,3.30,3.31,2.24
2022,16:00,Flamengo RJ,1,2,Avai,1.17,7.58,15.88
2022,20:00,Atletico-MG,3,0,Cuiaba,1.47,4.20,7.34
2022,20:00,Botafogo RJ,3,0,Santos,2.21,3.27,3.40
2022,21:30,Atletico GO,1,1,Athletico-PR,2.10,3.43,3.50
2022,21:30,Juventude,2,2,Flamengo RJ,5.56,3.79,1.64
2022,21:30,Palmeiras,2,1,America MG,1.52,4.52,5.65
2022,20:30,Fortaleza,6,0,Bragantino,1.81,3.60,4.47
2022,19:00,Avai,2,0,Ceara,4.08,3.35,1.96
2022,19:00,Coritiba,2,2,Corinthians,2.86,2.96,2.74
2022,19:00,Fluminense,3,0,Goias,1.37,5.09,7.83
2022,21:30,Sao Paulo,0,1,Internacional,1.86,3.52,4.29
2022,20:00,Atletico-MG,0,2,Botafogo RJ,1.62,3.76,5.98
2022,18:30,Cuiaba,1,1,Palmeiras,3.69,3.42,2.04
2022,16:00,Coritiba,1,0,Flamengo RJ,3.55,3.31,2.13
2022,16:00,Fortaleza,1,1,Atletico GO,1.66,3.87,5.27
2022,21:00,Internacional,2,0,Athletico-PR,1.88,3.48,4.35
2022,20:30,Corinthians,1,0,Ceara,1.87,3.29,4.62
2022,19:00,Bragantino,1,4,America MG,2.00,3.51,3.74
2022,19:00,Goias,1,0,Juventude,1.68,3.79,5.28
2022,16:30,Fluminense,3,1,Sao Paulo,2.06,3.49,3.63
2022,16:30,Santos,1,1,Avai,1.39,4.58,8.85
2022,21:30,Flamengo RJ,1,2,Corinthians,1.70,3.68,5.15
2022,21:30,Palmeiras,4,0,Fortaleza,1.45,4.60,6.91
2022,19:00,Atletico GO,2,3,Santos,1.97,3.37,4.01
2022,19:00,Avai,1,2,Bragantino,3.42,3.28,2.20
2022,19:00,Juventude,0,1,Coritiba,2.55,3.18,2.87
2022,16:00,America MG,1,0,Internacional,2.39,3.22,3.10
2022,16:00,Athletico-PR,3,2,Goias,1.59,4.01,5.80
2022,21:30,Sao Paulo,2,2,Atletico-MG,2.52,2.97,3.13
2022,19:00,Botafogo RJ,0,2,Cuiaba,1.86,3.30,4.73
2022,20:00,Ceara,0,1,Fluminense,3.36,3.22,2.25
2022,19:30,Goias,0,0,Corinthians,2.82,3.01,2.74
2022,20:00,Cuiaba,1,0,Avai,1.84,3.39,4.60
2022,19:30,Atletico-MG,1,0,Juventude,1.21,6.50,14.30
2022,19:00,Fortaleza,3,1,Coritiba,1.47,4.30,7.00
2022,19:00,Sao Paulo,2,1,Atletico GO,1.65,3.80,5.40
2022,16:00,America MG,1,1,Atletico GO,1.59,4.30,5.21
2022,16:00,Athletico-PR,3,0,Botafogo RJ,2.18,3.27,3.45
2022,16:00,Bragantino,0,1,Fluminense,2.44,3.53,2.79
2022,16:00,Ceara,4,1,Juventude,1.67,3.89,5.07
2022,16:00,Corinthians,0,1,Atletico-MG,3.05,3.11,2.48
2022,16:00,Cuiaba,2,1,Coritiba,1.94,3.41,4.07
2022,16:00,Goias,0,4,Sao Paulo,4.92,3.83,1.70
2022,16:00,Internacional,3,0,Palmeiras,2.52,3.46,2.74
2022,16:00,Santos,0,2,Fortaleza,3.30,3.31,2.24
2022,16:00,Flamengo RJ,1,2,Avai,1.17,7.58,15.88
2022,20:00,Atletico-MG,3,0,Cuiaba,1.47,4.20,7.34
2022,20:00,Botafogo RJ,3,0,Santos,2.21,3.27,3.40
2022,21:30,Atletico GO,1,1,Athletico-PR,2.10,3.43,3.50
2022,21:30,Juventude,2,2,Flamengo RJ,5.56,3.79,1.64
2022,21:30,Palmeiras,2,1,America MG,1.52,4.52,5.65
2022,20:30,Fortaleza,6,0,Bragantino,1.81,3.60,4.47
2022,19:00,Avai,2,0,Ceara,4.08,3.35,1.96
2022,19:00,Coritiba,2,2,Corinthians,2.86,2.96,2.74
2022,19:00,Fluminense,3,0,Goias,1.37,5.09,7.83
2022,21:30,Sao Paulo,0,1,Internacional,1.86,3.52,4.29
2022,20:00,Atletico-MG,0,2,Botafogo RJ,1.62,3.76,5.98
2022,18:30,Cuiaba,1,1,Palmeiras,3.69,3.42,2.04
2022,16:00,Coritiba,1,0,Flamengo RJ,3.55,3.31,2.13
2022,16:00,Fortaleza,1,1,Atletico GO,1.66,3.87,5.27
2022,21:00,Internacional,2,0,Athletico-PR,1.88,3.48,4.35
2022,20:30,Corinthians,1,0,Ceara,1.87,3.29,4.62
2022,19:00,Bragantino,1,4,America MG,2.00,3.51,3.74
2022,19:00,Goias,1,0,Juventude,1.68,3.79,5.28
2022,16:30,Fluminense,3,1,Sao Paulo,2.06,3.49,3.63
2022,16:30,Santos,1,1,Avai,1.39,4.58,8.85
2022,21:30,Flamengo RJ,1,2,Corinthians,1.70,3.68,5.15
2022,21:30,Palmeiras,4,0,Fortaleza,1.45,4.60,6.91
2022,19:00,Atletico GO,2,3,Santos,1.97,3.37,4.01
2022,19:00,Avai,1,2,Bragantino,3.42,3.28,2.20
2022,19:00,Juventude,0,1,Coritiba,2.55,3.18,2.87
2022,16:00,America MG,1,0,Internacional,2.39,3.22,3.10
2022,16:00,Athletico-PR,3,2,Goias,1.59,4.01,5.80
2022,21:30,Sao Paulo,2,2,Atletico-MG,2.52,2.97,3.13
2022,19:00,Botafogo RJ,0,2,Cuiaba,1.86,3.30,4.73
2022,20:00,Ceara,0,1,Fluminense,3.36,3.22,2.25
2022,19:30,Goias,0,0,Corinthians,2.82,3.01,2.74
2022,20:00,Cuiaba,1,0,Avai,1.84,3.39,4.60
2022,19:30,Atletico-MG,1,0,Juventude,1.21,6.50,14.30
2022,19:00,Fortaleza,3,1,Coritiba,1.47,4.30,7.00
2022,19:00,Sao Paulo,2,1,Atletico GO,1.65,3.80,5.40
2022,16:00,America MG,1,1,Atletico GO,1.59,4.30,5.21
2022,16:00,Athletico-PR,3,0,Botafogo RJ,2.18,3.27,3.45
2022,16:00,Bragantino,0,1,Fluminense,2.44,3.53,2.79
2022,16:00,Ceara,4,1,Juventude,1.67,3.89,5.07
2022,16:00,Corinthians,0,1,Atletico-MG,3.05,3.11,2.48
2022,16:00,Cuiaba,2,1,Coritiba,1.94,3.41,4.07
2022,16:00,Goias,0,4,Sao Paulo,4.92,3.83,1.70
2022,16:00,Internacional,3,0,Palmeiras,2.52,3.46,2.74
2022,16:00,Santos,0,2,Fortaleza,3.30,3.31,2.24
2022,16:00,Flamengo RJ,1,2,Avai,1.17,7.58,15.88
2022,20:00,Atletico-MG,3,0,Cuiaba,1.47,4.20,7.34
2022,20:00,Botafogo RJ,3,0,Santos,2.21,3.27,3.40
2022,21:30,Atletico GO,1,1,Athletico-PR,2.10,3.43,3.50
2022,21:30,Juventude,2,2,Flamengo RJ,5.56,3.79,1.64
2022,21:30,Palmeiras,2,1,America MG,1.52,4.52,5.65
2022,20:30,Fortaleza,6,0,Bragantino,1.81,3.60,4.47
2022,19:00,Avai,2,0,Ceara,4.08,3.35,1.96
2022,19:00,Coritiba,2,2,Corinthians,2.86,2.96,2.74
2022,19:00,Fluminense,3,0,Goias,1.37,5.09,7.83
2022,21:30,Sao Paulo,0,1,Internacional,1.86,3.52,4.29
2022,20:00,Atletico-MG,0,2,Botafogo RJ,1.62,3.76,5.98
2022,18:30,Cuiaba,1,1,Palmeiras,3.69,3.42,2.04
2022,16:00,Coritiba,1,0,Flamengo RJ,3.55,3.31,2.13
2022,16:00,Fortaleza,1,1,Atletico GO,1.66,3.87,5.27
2022,21:00,Internacional,2,0,Athletico-PR,1.88,3.48,4.35
2022,20:30,Corinthians,1,0,Ceara,1.87,3.29,4.62
2022,19:00,Bragantino,1,4,America MG,2.00,3.51,3.74
2022,19:00,Goias,1,0,Juventude,1.68,3.79,5.28
2022,16:30,Fluminense,3,1,Sao Paulo,2.06,3.49,3.63
2022,16:30,Santos,1,1,Avai,1.39,4.58,8.85
2022,21:30,Flamengo RJ,1,2,Corinthians,1.70,3.68,5.15
2022,21:30,Palmeiras,4,0,Fortaleza,1.45,4.60,6.91
2022,19:00,Atletico GO,2,3,Santos,1.97,3.37,4.01
2022,19:00,Avai,1,2,Bragantino,3.42,3.28,2.20
2022,19:00,Juventude,0,1,Coritiba,2.55,3.18,2.87
2022,16:00,America MG,1,0,Internacional,2.39,3.22,3.10
2022,16:00,Athletico-PR,3,2,Goias,1.59,4.01,5.80
2022,21:30,Sao Paulo,2,2,Atletico-MG,2.52,2.97,3.13
2022,19:00,Botafogo RJ,0,2,Cuiaba,1.86,3.30,4.73
2022,20:00,Ceara,0,1,Fluminense,3.36,3.22,2.25
2022,19:30,Goias,0,0,Corinthians,2.82,3.01,2.74
2022,20:00,Cuiaba,1,0,Avai,1.84,3.39,4.60
2022,19:30,Atletico-MG,1,0,Juventude,1.21,6.50,14.30
2022,19:00,Fortaleza,3,1,Coritiba,1.47,4.30,7.00
2022,19:00,Sao Paulo,2,1,Atletico GO,1.65,3.80,5.40
2022,16:00,America MG,1,1,Atletico GO,1.59,4.30,5.21
2022,16:00,Athletico-PR,3,0,Botafogo RJ,2.18,3.27,3.45
2022,16:00,Bragantino,0,1,Fluminense,2.44,3.53,2.79
2022,16:00,Ceara,4,1,Juventude,1.67,3.89,5.07
2022,16:00,Corinthians,0,1,Atletico-MG,3.05,3.11,2.48
2022,16:00,Cuiaba,2,1,Coritiba,1.94,3.41,4.07
2022,16:00,Goias,0,4,Sao Paulo,4.92,3.83,1.70
2022,16:00,Internacional,3,0,Palmeiras,2.52,3.46,2.74
2022,16:00,Santos,0,2,Fortaleza,3.30,3.31,2.24
2022,16:00,Flamengo RJ,1,2,Avai,1.17,7.58,15.88
2022,20:00,Atletico-MG,3,0,Cuiaba,1.47,4.20,7.34
2022,20:00,Botafogo RJ,3,0,Santos,2.21,3.27,3.40
2022,21:30,Atletico GO,1,1,Athletico-PR,2.10,3.43,3.50
2022,21:30,Juventude,2,2,Flamengo RJ,5.56,3.79,1.64
2022,21:30,Palmeiras,2,1,America MG,1.52,4.52,5.65
2022,20:30,Fortaleza,6,0,Bragantino,1.81,3.60,4.47
2022,19:00,Avai,2,0,Ceara,4.08,3.35,1.96
2022,19:00,Coritiba,2,2,Corinthians,2.86,2.96,2.74
2022,19:00,Fluminense,3,0,Goias,1.37,5.09,7.83
2022,21:30,Sao Paulo,0,1,Internacional,1.86,3.52,4.29
2022,20:00,Atletico-MG,0,2,Botafogo RJ,1.62,3.76,5.98
2022,18:30,Cuiaba,1,1,Palmeiras,3.69,3.42,2.04
2022,16:00,Coritiba,1,0,Flamengo RJ,3.55,3.31,2.13
2022,16:00,Fortaleza,1,1,Atletico GO,1.66,3.87,5.27
2022,21:00,Internacional,2,0,Athletico-PR,1.88,3.48,4.35
2022,20:30,Corinthians,1,0,Ceara,1.87,3.29,4.62
2022,19:00,Bragantino,1,4,America MG,2.00,3.51,3.74
2022,19:00,Goias,1,0,Juventude,1.68,3.79,5.28
2022,16:30,Fluminense,3,1,Sao Paulo,2.06,3.49,3.63
2022,16:30,Santos,1,1,Avai,1.39,4.58,8.85
2022,21:30,Flamengo RJ,1,2,Corinthians,1.70,3.68,5.15
2022,21:30,Palmeiras,4,0,Fortaleza,1.45,4.60,6.91
2022,19:00,Atletico GO,2,3,Santos,1.97,3.37,4.01
2022,19:00,Avai,1,2,Bragantino,3.42,3.28,2.20
2022,19:00,Juventude,0,1,Coritiba,2.55,3.18,2.87
2022,16:00,America MG,1,0,Internacional,2.39,3.22,3.10
2022,16:00,Athletico-PR,3,2,Goias,1.59,4.01,5.80
2022,21:30,Sao Paulo,2,2,Atletico-MG,2.52,2.97,3.13
2022,19:00,Botafogo RJ,0,2,Cuiaba,1.86,3.30,4.73
2022,20:00,Ceara,0,1,Fluminense,3.36,3.22,2.25
2022,19:30,Goias,0,0,Corinthians,2.82,3.01,2.74
2022,20:00,Cuiaba,1,0,Avai,1.84,3.39,4.60
2022,19:30,Atletico-MG,1,0,Juventude,1.21,6.50,14.30
2022,19:00,Fortaleza,3,1,Coritiba,1.47,4.30,7.00
2022,19:00,Sao Paulo,2,1,Atletico GO,1.65,3.80,5.40
2022,16:00,America MG,1,1,Atletico GO,1.59,4.30,5.21
2022,16:00,Athletico-PR,3,0,Botafogo RJ,2.18,3.27,3.45
2022,16:00,Bragantino,0,1,Fluminense,2.44,3.53,2.79
2022,16:00,Ceara,4,1,Juventude,1.67,3.89,5.07
2022,16:00,Corinthians,0,1,Atletico-MG,3.05,3.11,2.48
2022,16:00,Cuiaba,2,1,Coritiba,1.94,3.41,4.07
2022,16:00,Goias,0,4,Sao Paulo,4.92,3.83,1.70
2022,16:00,Internacional,3,0,Palmeiras,2.52,3.46,2.74
2022,16:00,Santos,0,2,Fortaleza,3.30,3.31,2.24
2022,16:00,Flamengo RJ,1,2,Avai,1.17,7.58,15.88
2022,20:00,Atletico-MG,3,0,Cuiaba,1.47,4.20,7.34
2022,20:00,Botafogo RJ,3,0,Santos,2.21,3.27,3.40
2022,21:30,Atletico GO,1,1,Athletico-PR,2.10,3.43,3.50
2022,21:30,Juventude,2,2,Flamengo RJ,5.56,3.79,1.64
2022,21:30,Palmeiras,2,1,America MG,1.52,4.52,5.65
2022,20:30,Fortaleza,6,0,Bragantino,1.81,3.60,4.47
2022,19:00,Avai,2,0,Ceara,4.08,3.35,1.96
2022,19:00,Coritiba,2,2,Corinthians,2.86,2.96,2.74
2022,19:00,Fluminense,3,0,Goias,1.37,5.09,7.83
2022,21:30,Sao Paulo,0,1,Internacional,1.86,3.52,4.29
2022,20:00,Atletico-MG,0,2,Botafogo RJ,1.62,3.76,5.98
2022,18:30,Cuiaba,1,1,Palmeiras,3.69,3.42,2.04
2022,16:00,Coritiba,1,0,Flamengo RJ,3.55,3.31,2.13
2022,16:00,Fortaleza,1,1,Atletico GO,1.66,3.87,5.27
2022,21:00,Internacional,2,0,Athletico-PR,1.88,3.48,4.35
2022,20:30,Corinthians,1,0,Ceara,1.87,3.29,4.62
2022,19:00,Bragantino,1,4,America MG,2.00,3.51,3.74
2022,19:00,Goias,1,0,Juventude,1.68,3.79,5.28
2022,16:30,Fluminense,3,1,Sao Paulo,2.06,3.49,3.63
2022,16:30,Santos,1,1,Avai,1.39,4.58,8.85
2022,21:30,Flamengo RJ,1,2,Corinthians,1.70,3.68,5.15
2022,21:30,Palmeiras,4,0,Fortaleza,1.45,4.60,6.91
2022,19:00,Atletico GO,2,3,Santos,1.97,3.37,4.01
2022,19:00,Avai,1,2,Bragantino,3.42,3.28,2.20
2022,19:00,Juventude,0,1,Coritiba,2.55,3.18,2.87
2022,16:00,America MG,1,0,Internacional,2.39,3.22,3.10
2022,16:00,Athletico-PR,3,2,Goias,1.59,4.01,5.80
2022,21:30,Sao Paulo,2,2,Atletico-MG,2.52,2.97,3.13
2022,19:00,Botafogo RJ,0,2,Cuiaba,1.86,3.30,4.73
2022,20:00,Ceara,0,1,Fluminense,3.36,3.22,2.25
2022,19:30,Goias,0,0,Corinthians,2.82,3.01,2.74
2022,20:00,Cuiaba,1,0,Avai,1.84,3.39,4.60
2022,19:30,Atletico-MG,1,0,Juventude,1.21,6.50,14.30
2022,19:00,Fortaleza,3,1,Coritiba,1.47,4.30,7.00
2022,19:00,Sao Paulo,2,1,Atletico GO,1.65,3.80,5.40
2022,16:00,America MG,1,1,Atletico GO,1.59,4.30,5.21
2022,16:00,Athletico-PR,3,0,Botafogo RJ,2.18,3.27,3.45
2022,16:00,Bragantino,0,1,Fluminense,2.44,3.53,2.79
2022,16:00,Ceara,4,1,Juventude,1.67,3.89,5.07
2022,16:00,Corinthians,0,1,Atletico-MG,3.05,3.11,2.48
2022,16:00,Cuiaba,2,1,Coritiba,1.94,3.41,4.07
2022,16:00,Goias,0,4,Sao Paulo,4.92,3.83,1.70
2022,16:00,Internacional,3,0,Palmeiras,2.52,3.46,2.74
2022,16:00,Santos,0,2,Fortaleza,3.30,3.31,2.24
2022,16:00,Flamengo RJ,1,2,Avai,1.17,7.58,15.88
2022,20:00,Atletico-MG,3,0,Cuiaba,1.47,4.20,7.34
2022,20:00,Botafogo RJ,3,0,Santos,2.21,3.27,3.40
2022,21:30,Atletico GO,1,1,Athletico-PR,2.10,3.43,3.50
2022,21:30,Juventude,2,2,Flamengo RJ,5.56,3.79,1.64
2022,21:30,Palmeiras,2,1,America MG,1.52,4.52,5.65
2022,20:30,Fortaleza,6,0,Bragantino,1.81,3.60,4.47
2022,19:00,Avai,2,0,Ceara,4.08,3.35,1.96
2022,19:00,Coritiba,2,2,Corinthians,2.86,2.96,2.74
2022,19:00,Fluminense,3,0,Goias,1.37,5.09,7.83
2022,21:30,Sao Paulo,0,1,Internacional,1.86,3.52,4.29
2022,20:00,Atletico-MG,0,2,Botafogo RJ,1.62,3.76,5.98
2022,18:30,Cuiaba,1,1,Palmeiras,3.69,3.42,2.04
2022,16:00,Coritiba,1,0,Flamengo RJ,3.55,3.31,2.13
2022,16:00,Fortaleza,1,1,Atletico GO,1.66,3.87,5.27
2022,21:00,Internacional,2,0,Athletico-PR,1.88,3.48,4.35
2022,20:30,Corinthians,1,0,Ceara,1.87,3.29,4.62
2022,19:00,Bragantino,1,4,America MG,2.00,3.51,3.74
2022,19:00,Goias,1,0,Juventude,1.68,3.79,5.28
2022,16:30,Fluminense,3,1,Sao Paulo,2.06,3.49,3.63
2022,16:30,Santos,1,1,Avai,1.39,4.58,8.85
2022,21:30,Flamengo RJ,1,2,Corinthians,1.70,3.68,5.15
2022,21:30,Palmeiras,4,0,Fortaleza,1.45,4.60,6.91
2022,19:00,Atletico GO,2,3,Santos,1.97,3.37,4.01
2022,19:00,Avai,1,2,Bragantino,3.42,3.28,2.20
2022,19:00,Juventude,0,1,Coritiba,2.55,3.18,2.87
2022,16:00,America MG,1,0,Internacional,2.39,3.22,3.10
2022,16:00,Athletico-PR,3,2,Goias,1.59,4.01,5.80
2022,21:30,Sao Paulo,2,2,Atletico-MG,2.52,2.97,3.13
2022,19:00,Botafogo RJ,0,2,Cuiaba,1.86,3.30,4.73
2022,20:00,Ceara,0,1,Fluminense,3.36,3.22,2.25
2022,19:30,Goias,0,0,Corinthians,2.82,3.01,2.74
2022,20:00,Cuiaba,1,0,Avai,1.84,3.39,4.60
2022,19:30,Atletico-MG,1,0,Juventude,1.21,6.50,14.30
2022,19:00,Fortaleza,3,1,Coritiba,1.47,4.30,7.00
2022,19:00,Sao Paulo,2,1,Atletico GO,1.65,3.80,5.40
2022,16:00,America MG,1,1,Atletico GO,1.59,4.30,5.21
2022,16:00,Athletico-PR,3,0,Botafogo RJ,2.18,3.27,3.45
2022,16:00,Bragantino,0,1,Fluminense,2.44,3.53,2.79
2022,16:00,Ceara,4,1,Juventude,1.67,3.89,5.07
2022,16:00,Corinthians,0,1,Atletico-MG,3.05,3.11,2.48
2022,16:00,Cuiaba,2,1,Coritiba,1.94,3.41,4.07
2022,16:00,Goias,0,4,Sao Paulo,4.92,3.83,1.70
2022,16:00,Internacional,3,0,Palmeiras,2.52,3.46,2.74
2022,16:00,Santos,0,2,Fortaleza,3.30,3.31,2.24
2022,16:00,Flamengo RJ,1,2,Avai,1.17,7.58,15.88
2022,20:00,Atletico-MG,3,0,Cuiaba,1.47,4.20,7.34
2022,20:00,Botafogo RJ,3,0,Santos,2.21,3.27,3.40
2022,21:30,Atletico GO,1,1,Athletico-PR,2.10,3.43,3.50
2022,21:30,Juventude,2,2,Flamengo RJ,5.56,3.79,1.64
2022,21:30,Palmeiras,2,1,America MG,1.52,4.52,5.65
2022,20:30,Fortaleza,6,0,Bragantino,1.81,3.60,4.47
2022,19:00,Avai,2,0,Ceara,4.08,3.35,1.96
2022,19:00,Coritiba,2,2,Corinthians,2.86,2.96,2.74
2022,19:00,Fluminense,3,0,Goias,1.37,5.09,7.83
2022,21:30,Sao Paulo,0,1,Internacional,1.86,3.52,4.29
2022,20:00,Atletico-MG,0,2,Botafogo RJ,1.62,3.76,5.98
2022,18:30,Cuiaba,1,1,Palmeiras,3.69,3.42,2.04
2022,16:00,Coritiba,1,0,Flamengo RJ,3.55,3.31,2.13
2022,16:00,Fortaleza,1,1,Atletico GO,1.66,3.87,5.27
2022,21:00,Internacional,2,0,Athletico-PR,1.88,3.48,4.35
2022,20:30,Corinthians,1,0,Ceara,1.87,3.29,4.62
2022,19:00,Bragantino,1,4,America MG,2.00,3.51,3.74
2022,19:00,Goias,1,0,Juventude,1.68,3.79,5.28
2022,16:30,Fluminense,3,1,Sao Paulo,2.06,3.49,3.63
2022,16:30,Santos,1,1,Avai,1.39,4.58,8.85
2022,21:30,Flamengo RJ,1,2,Corinthians,1.70,3.68,5.15
2022,21:30,Palmeiras,4,0,Fortaleza,1.45,4.60,6.91
2022,19:00,Atletico GO,2,3,Santos,1.97,3.37,4.01
2022,19:00,Avai,1,2,Bragantino,3.42,3.28,2.20
2022,19:00,Juventude,0,1,Coritiba,2.55,3.18,2.87
2022,16:00,America MG,1,0,Internacional,2.39,3.22,3.10
2022,16:00,Athletico-PR,3,2,Goias,1.59,4.01,5.80
2022,21:30,Sao Paulo,2,2,Atletico-MG,2.52,2.97,3.13
2022,19:00,Botafogo RJ,0,2,Cuiaba,1.86,3.30,4.73
2022,20:00,Ceara,0,1,Fluminense,3.36,3.22,2.25
2022,19:30,Goias,0,0,Corinthians,2.82,3.01,2.74
2022,20:00,Cuiaba,1,0,Avai,1.84,3.39,4.60
2022,19:30,Atletico-MG,1,0,Juventude,1.21,6.50,14.30
2022,19:00,Fortaleza,3,1,Coritiba,1.47,4.30,7.00
2022,19:00,Sao Paulo,2,1,Atletico GO,1.65,3.80,5.40
2022,16:00,America MG,1,1,Atletico GO,1.59,4.30,5.21
2022,16:00,Athletico-PR,3,0,Botafogo RJ,2.18,3.27,3.45
2022,16:00,Bragantino,0,1,Fluminense,2.44,3.53,2.79
2022,16:00,Ceara,4,1,Juventude,1.67,3.89,5.07
2022,16:00,Corinthians,0,1,Atletico-MG,3.05,3.11,2.48
2022,16:00,Cuiaba,2,1,Coritiba,1.94,3.41,4.07
2022,16:00,Goias,0,4,Sao Paulo,4.92,3.83,1.70
2022,16:00,Internacional,3,0,Palmeiras,2.52,3.46,2.74
2022,16:00,Santos,0,2,Fortaleza,3.30,3.31,2.24
2022,16:00,Flamengo RJ,1,2,Avai,1.17,7.58,15.88
2022,20:00,Atletico-MG,3,0,Cuiaba,1.47,4.20,7.34
2022,20:00,Botafogo RJ,3,0,Santos,2.21,3.27,3.40
2022,21:30,Atletico GO,1,1,Athletico-PR,2.10,3.43,3.50
2022,21:30,Juventude,2,2,Flamengo RJ,5.56,3.79,1.64
2022,21:30,Palmeiras,2,1,America MG,1.52,4.52,5.65
2022,20:30,Fortaleza,6,0,Bragantino,1.81,3.60,4.47
2022,19:00,Avai,2,0,Ceara,4.08,3.35,1.96
2022,19:00,Coritiba,2,2,Corinthians,2.86,2.96,2.74
2022,19:00,Fluminense,3,0,Goias,1.37,5.09,7.83
2022,21:30,Sao Paulo,0,1,Internacional,1.86,3.52,4.29
2022,20:00,Atletico-MG,0,2,Botafogo RJ,1.62,3.76,5.98
2022,18:30,Cuiaba,1,1,Palmeiras,3.69,3.42,2.04
2022,16:00,Coritiba,1,0,Flamengo RJ,3.55,3.31,2.13
2022,16:00,Fortaleza,1,1,Atletico GO,1.66,3.87,5.27
2022,21:00,Internacional,2,0,Athletico-PR,1.88,3.48,4.35
2022,20:30,Corinthians,1,0,Ceara,1.87,3.29,4.62
2022,19:00,Bragantino,1,4,America MG,2.00,3.51,3.74
2022,19:00,Goias,1,0,Juventude,1.68,3.79,5.28
2022,16:30,Fluminense,3,1,Sao Paulo,2.06,3.49,3.63
2022,16:30,Santos,1,1,Avai,1.39,4.58,8.85
2022,21:30,Flamengo RJ,1,2,Corinthians,1.70,3.68,5.15
2022,21:30,Palmeiras,4,0,Fortaleza,1.45,4.60,6.91
2022,19:00,Atletico GO,2,3,Santos,1.97,3.37,4.01
2022,19:00,Avai,1,2,Bragantino,3.42,3.28,2.20
2022,19:00,Juventude,0,1,Coritiba,2.55,3.18,2.87
2022,16:00,America MG,1,0,Internacional,2.39,3.22,3.10
2022,16:00,Athletico-PR,3,2,Goias,1.59,4.01,5.80
2022,21:30,Sao Paulo,2,2,Atletico-MG,2.52,2.97,3.13
2022,19:00,Botafogo RJ,0,2,Cuiaba,1.86,3.30,4.73
2022,20:00,Ceara,0,1,Fluminense,3.36,3.22,2.25
2022,19:30,Goias,0,0,Corinthians,2.82,3.01,2.74
2022,20:00,Cuiaba,1,0,Avai,1.84,3.39,4.60
2022,19:30,Atletico-MG,1,0,Juventude,1.21,6.50,14.30
2022,19:00,Fortaleza,3,1,Coritiba,1.47,4.30,7.00
2022,19:00,Sao Paulo,2,1,Atletico GO,1.65,3.80,5.40
2023,21:30,Bahia,4,1,Atletico-MG,2.53,3.53,2.70
2023,21:30,Coritiba,0,2,Corinthians,3.27,3.23,2.31
2023,21:30,Cruzeiro,1,1,Palmeiras,3.93,2.86,2.26
2023,21:30,Cuiaba,3,0,Athletico-PR,2.31,3.11,3.39
2023,21:30,Fluminense,2,3,Gremio,2.08,3.79,3.28
2023,21:30,Internacional,3,1,Botafogo RJ,2.09,3.36,3.66
2023,21:30,Santos,1,2,Fortaleza,1.94,3.30,4.37
2023,21:30,Sao Paulo,1,0,Flamengo RJ,3.37,3.31,2.22
2023,21:30,Vasco,2,1,Bragantino,2.18,3.33,3.45
2023,19:00,Goias,1,0,America MG,1.72,3.99,4.56
2023,18:30,America MG,3,2,Bahia,3.74,3.68,1.96
2023,18:30,Athletico-PR,3,0,Santos,1.97,3.38,4.08
2023,18:30,Botafogo RJ,0,0,Cruzeiro,1.92,3.44,4.18
2023,18:30,Bragantino,1,0,Coritiba,1.20,7.19,12.99
2023,18:30,Fortaleza,1,0,Goias,1.41,4.53,8.25
2023,18:30,Gremio,1,0,Vasco,1.84,3.57,4.42
2023,16:00,Flamengo RJ,2,1,Cuiaba,1.37,4.69,9.55
2023,16:00,Palmeiras,1,0,Fluminense,1.27,5.84,10.74
2023,21:00,Atletico-MG,2,1,Sao Paulo,1.66,3.62,6.03
2023,18:00,Corinthians,1,2,Internacional,2.54,2.86,3.31
2023,20:30,Bragantino,1,2,Fortaleza,1.80,3.65,4.58
2023,20:00,Cruzeiro,1,1,Athletico-PR,2.01,3.37,3.98
2023,19:00,Gremio,2,1,Goias,1.53,4.36,6.08
2023,21:30,Coritiba,1,1,Botafogo RJ,4.76,3.70,1.76
2023,21:30,Palmeiras,4,0,America MG,1.19,7.36,13.69
2023,20:00,Bahia,0,1,Sao Paulo,2.27,3.12,3.48
2023,20:00,Cuiaba,0,2,Internacional,3.09,2.84,2.70
2023,19:30,Flamengo RJ,0,3,Atletico-MG,1.74,3.64,5.13
2023,19:00,Santos,0,3,Fluminense,2.43,3.21,3.07
2023,21:30,Vasco,2,4,Corinthians,1.99,3.15,4.34
2023,21:00,Goias,0,1,Cruzeiro,2.84,3.09,2.70
2023,18:30,America MG,0,3,Flamengo RJ,7.74,4.84,1.40
2023,18:30,Fortaleza,2,2,Palmeiras,3.21,3.16,2.38
2023,18:30,Internacional,1,0,Bragantino,2.49,3.31,2.90
2023,18:30,Sao Paulo,0,0,Cuiaba,1.66,3.50,6.35
2023,16:00,Atletico-MG,3,0,Gremio,1.75,3.67,4.88
2023,16:00,Botafogo RJ,1,1,Santos,1.82,3.46,4.73
2023,21:00,Fluminense,2,1,Coritiba,1.34,5.11,9.41
2023,19:30,Athletico-PR,0,0,Vasco,1.95,3.40,4.15
2023,21:00,Corinthians,1,5,Bahia,2.07,3.21,3.95
2023,21:30,Flamengo RJ,1,0,Bragantino,2.11,3.43,3.54
2023,19:00,Fortaleza,2,2,Botafogo RJ,2.16,3.39,3.44
2023,21:30,Fluminense,1,0,Sao Paulo,2.19,3.16,3.60
2023,19:00,Cruzeiro,2,2,Vasco,2.14,3.06,3.91
2023,18:30,Fortaleza,0,1,Cruzeiro,1.96,3.18,4.46
2023,18:30,Atletico-MG,2,1,Goias,1.57,3.86,6.50
2023,18:30,Bahia,1,1,Athletico-PR,2.30,3.27,3.23
2023,18:30,Cuiaba,2,1,Fortaleza,2.77,2.84,2.96
2023,18:30,Santos,0,0,Sao Paulo,2.68,3.01,2.88
2023,18:30,Vasco,2,1,America MG,1.48,4.33,7.06
2023,21:30,Bahia,4,1,Atletico-MG,2.53,3.53,2.70
2023,21:30,Coritiba,0,2,Corinthians,3.27,3.23,2.31
2023,21:30,Cruzeiro,1,1,Palmeiras,3.93,2.86,2.26
2023,21:30,Cuiaba,3,0,Athletico-PR,2.31,3.11,3.39
2023,21:30,Fluminense,2,3,Gremio,2.08,3.79,3.28
2023,21:30,Internacional,3,1,Botafogo RJ,2.09,3.36,3.66
2023,21:30,Santos,1,2,Fortaleza,1.94,3.30,4.37
2023,21:30,Sao Paulo,1,0,Flamengo RJ,3.37,3.31,2.22
2023,21:30,Vasco,2,1,Bragantino,2.18,3.33,3.45
2023,19:00,Goias,1,0,America MG,1.72,3.99,4.56
2023,18:30,America MG,3,2,Bahia,3.74,3.68,1.96
2023,18:30,Athletico-PR,3,0,Santos,1.97,3.38,4.08
2023,18:30,Botafogo RJ,0,0,Cruzeiro,1.92,3.44,4.18
2023,18:30,Bragantino,1,0,Coritiba,1.20,7.19,12.99
2023,18:30,Fortaleza,1,0,Goias,1.41,4.53,8.25
2023,18:30,Gremio,1,0,Vasco,1.84,3.57,4.42
2023,16:00,Flamengo RJ,2,1,Cuiaba,1.37,4.69,9.55
2023,16:00,Palmeiras,1,0,Fluminense,1.27,5.84,10.74
2023,21:00,Atletico-MG,2,1,Sao Paulo,1.66,3.62,6.03
2023,18:00,Corinthians,1,2,Internacional,2.54,2.86,3.31
2023,20:30,Bragantino,1,2,Fortaleza,1.80,3.65,4.58
2023,20:00,Cruzeiro,1,1,Athletico-PR,2.01,3.37,3.98
2023,19:00,Gremio,2,1,Goias,1.53,4.36,6.08
2023,21:30,Coritiba,1,1,Botafogo RJ,4.76,3.70,1.76
2023,21:30,Palmeiras,4,0,America MG,1.19,7.36,13.69
2023,20:00,Bahia,0,1,Sao Paulo,2.27,3.12,3.48
2023,20:00,Cuiaba,0,2,Internacional,3.09,2.84,2.70
2023,19:30,Flamengo RJ,0,3,Atletico-MG,1.74,3.64,5.13
2023,19:00,Santos,0,3,Fluminense,2.43,3.21,3.07
2023,21:30,Vasco,2,4,Corinthians,1.99,3.15,4.34
2023,21:00,Goias,0,1,Cruzeiro,2.84,3.09,2.70
2023,18:30,America MG,0,3,Flamengo RJ,7.74,4.84,1.40
2023,18:30,Fortaleza,2,2,Palmeiras,3.21,3.16,2.38
2023,18:30,Internacional,1,0,Bragantino,2.49,3.31,2.90
2023,18:30,Sao Paulo,0,0,Cuiaba,1.66,3.50,6.35
2023,16:00,Atletico-MG,3,0,Gremio,1.75,3.67,4.88
2023,16:00,Botafogo RJ,1,1,Santos,1.82,3.46,4.73
2023,21:00,Fluminense,2,1,Coritiba,1.34,5.11,9.41
2023,19:30,Athletico-PR,0,0,Vasco,1.95,3.40,4.15
2023,21:00,Corinthians,1,5,Bahia,2.07,3.21,3.95
2023,21:30,Flamengo RJ,1,0,Bragantino,2.11,3.43,3.54
2023,19:00,Fortaleza,2,2,Botafogo RJ,2.16,3.39,3.44
2023,21:30,Fluminense,1,0,Sao Paulo,2.19,3.16,3.60
2023,19:00,Cruzeiro,2,2,Vasco,2.14,3.06,3.91
2023,18:30,Fortaleza,0,1,Cruzeiro,1.96,3.18,4.46
2023,18:30,Atletico-MG,2,1,Goias,1.57,3.86,6.50
2023,18:30,Bahia,1,1,Athletico-PR,2.30,3.27,3.23
2023,18:30,Cuiaba,2,1,Fortaleza,2.77,2.84,2.96
2023,18:30,Santos,0,0,Sao Paulo,2.68,3.01,2.88
2023,18:30,Vasco,2,1,America MG,1.48,4.33,7.06
2023,21:30,Bahia,4,1,Atletico-MG,2.53,3.53,2.70
2023,21:30,Coritiba,0,2,Corinthians,3.27,3.23,2.31
2023,21:30,Cruzeiro,1,1,Palmeiras,3.93,2.86,2.26
2023,21:30,Cuiaba,3,0,Athletico-PR,2.31,3.11,3.39
2023,21:30,Fluminense,2,3,Gremio,2.08,3.79,3.28
2023,21:30,Internacional,3,1,Botafogo RJ,2.09,3.36,3.66
2023,21:30,Santos,1,2,Fortaleza,1.94,3.30,4.37
2023,21:30,Sao Paulo,1,0,Flamengo RJ,3.37,3.31,2.22
2023,21:30,Vasco,2,1,Bragantino,2.18,3.33,3.45
2023,19:00,Goias,1,0,America MG,1.72,3.99,4.56
2023,18:30,America MG,3,2,Bahia,3.74,3.68,1.96
2023,18:30,Athletico-PR,3,0,Santos,1.97,3.38,4.08
2023,18:30,Botafogo RJ,0,0,Cruzeiro,1.92,3.44,4.18
2023,18:30,Bragantino,1,0,Coritiba,1.20,7.19,12.99
2023,18:30,Fortaleza,1,0,Goias,1.41,4.53,8.25
2023,18:30,Gremio,1,0,Vasco,1.84,3.57,4.42
2023,16:00,Flamengo RJ,2,1,Cuiaba,1.37,4.69,9.55
2023,16:00,Palmeiras,1,0,Fluminense,1.27,5.84,10.74
2023,21:00,Atletico-MG,2,1,Sao Paulo,1.66,3.62,6.03
2023,18:00,Corinthians,1,2,Internacional,2.54,2.86,3.31
2023,20:30,Bragantino,1,2,Fortaleza,1.80,3.65,4.58
2023,20:00,Cruzeiro,1,1,Athletico-PR,2.01,3.37,3.98
2023,19:00,Gremio,2,1,Goias,1.53,4.36,6.08
2023,21:30,Coritiba,1,1,Botafogo RJ,4.76,3.70,1.76
2023,21:30,Palmeiras,4,0,America MG,1.19,7.36,13.69
2023,20:00,Bahia,0,1,Sao Paulo,2.27,3.12,3.48
2023,20:00,Cuiaba,0,2,Internacional,3.09,2.84,2.70
2023,19:30,Flamengo RJ,0,3,Atletico-MG,1.74,3.64,5.13
2023,19:00,Santos,0,3,Fluminense,2.43,3.21,3.07
2023,21:30,Vasco,2,4,Corinthians,1.99,3.15,4.34
2023,21:00,Goias,0,1,Cruzeiro,2.84,3.09,2.70
2023,18:30,America MG,0,3,Flamengo RJ,7.74,4.84,1.40
2023,18:30,Fortaleza,2,2,Palmeiras,3.21,3.16,2.38
2023,18:30,Internacional,1,0,Bragantino,2.49,3.31,2.90
2023,18:30,Sao Paulo,0,0,Cuiaba,1.66,3.50,6.35
2023,16:00,Atletico-MG,3,0,Gremio,1.75,3.67,4.88
2023,16:00,Botafogo RJ,1,1,Santos,1.82,3.46,4.73
2023,21:00,Fluminense,2,1,Coritiba,1.34,5.11,9.41
2023,19:30,Athletico-PR,0,0,Vasco,1.95,3.40,4.15
2023,21:00,Corinthians,1,5,Bahia,2.07,3.21,3.95
2023,21:30,Flamengo RJ,1,0,Bragantino,2.11,3.43,3.54
2023,19:00,Fortaleza,2,2,Botafogo RJ,2.16,3.39,3.44
2023,21:30,Fluminense,1,0,Sao Paulo,2.19,3.16,3.60
2023,19:00,Cruzeiro,2,2,Vasco,2.14,3.06,3.91
2023,18:30,Fortaleza,0,1,Cruzeiro,1.96,3.18,4.46
2023,18:30,Atletico-MG,2,1,Goias,1.57,3.86,6.50
2023,18:30,Bahia,1,1,Athletico-PR,2.30,3.27,3.23
2023,18:30,Cuiaba,2,1,Fortaleza,2.77,2.84,2.96
2023,18:30,Santos,0,0,Sao Paulo,2.68,3.01,2.88
2023,18:30,Vasco,2,1,America MG,1.48,4.33,7.06
2023,21:30,Bahia,4,1,Atletico-MG,2.53,3.53,2.70
2023,21:30,Coritiba,0,2,Corinthians,3.27,3.23,2.31
2023,21:30,Cruzeiro,1,1,Palmeiras,3.93,2.86,2.26
2023,21:30,Cuiaba,3,0,Athletico-PR,2.31,3.11,3.39
2023,21:30,Fluminense,2,3,Gremio,2.08,3.79,3.28
2023,21:30,Internacional,3,1,Botafogo RJ,2.09,3.36,3.66
2023,21:30,Santos,1,2,Fortaleza,1.94,3.30,4.37
2023,21:30,Sao Paulo,1,0,Flamengo RJ,3.37,3.31,2.22
2023,21:30,Vasco,2,1,Bragantino,2.18,3.33,3.45
2023,19:00,Goias,1,0,America MG,1.72,3.99,4.56
2023,18:30,America MG,3,2,Bahia,3.74,3.68,1.96
2023,18:30,Athletico-PR,3,0,Santos,1.97,3.38,4.08
2023,18:30,Botafogo RJ,0,0,Cruzeiro,1.92,3.44,4.18
2023,18:30,Bragantino,1,0,Coritiba,1.20,7.19,12.99
2023,18:30,Fortaleza,1,0,Goias,1.41,4.53,8.25
2023,18:30,Gremio,1,0,Vasco,1.84,3.57,4.42
2023,16:00,Flamengo RJ,2,1,Cuiaba,1.37,4.69,9.55
2023,16:00,Palmeiras,1,0,Fluminense,1.27,5.84,10.74
2023,21:00,Atletico-MG,2,1,Sao Paulo,1.66,3.62,6.03
2023,18:00,Corinthians,1,2,Internacional,2.54,2.86,3.31
2023,20:30,Bragantino,1,2,Fortaleza,1.80,3.65,4.58
2023,20:00,Cruzeiro,1,1,Athletico-PR,2.01,3.37,3.98
2023,19:00,Gremio,2,1,Goias,1.53,4.36,6.08
2023,21:30,Coritiba,1,1,Botafogo RJ,4.76,3.70,1.76
2023,21:30,Palmeiras,4,0,America MG,1.19,7.36,13.69
2023,20:00,Bahia,0,1,Sao Paulo,2.27,3.12,3.48
2023,20:00,Cuiaba,0,2,Internacional,3.09,2.84,2.70
2023,19:30,Flamengo RJ,0,3,Atletico-MG,1.74,3.64,5.13
2023,19:00,Santos,0,3,Fluminense,2.43,3.21,3.07
2023,21:30,Vasco,2,4,Corinthians,1.99,3.15,4.34
2023,21:00,Goias,0,1,Cruzeiro,2.84,3.09,2.70
2023,18:30,America MG,0,3,Flamengo RJ,7.74,4.84,1.40
2023,18:30,Fortaleza,2,2,Palmeiras,3.21,3.16,2.38
2023,18:30,Internacional,1,0,Bragantino,2.49,3.31,2.90
2023,18:30,Sao Paulo,0,0,Cuiaba,1.66,3.50,6.35
2023,16:00,Atletico-MG,3,0,Gremio,1.75,3.67,4.88
2023,16:00,Botafogo RJ,1,1,Santos,1.82,3.46,4.73
2023,21:00,Fluminense,2,1,Coritiba,1.34,5.11,9.41
2023,19:30,Athletico-PR,0,0,Vasco,1.95,3.40,4.15
2023,21:00,Corinthians,1,5,Bahia,2.07,3.21,3.95
2023,21:30,Flamengo RJ,1,0,Bragantino,2.11,3.43,3.54
2023,19:00,Fortaleza,2,2,Botafogo RJ,2.16,3.39,3.44
2023,21:30,Fluminense,1,0,Sao Paulo,2.19,3.16,3.60
2023,19:00,Cruzeiro,2,2,Vasco,2.14,3.06,3.91
2023,18:30,Fortaleza,0,1,Cruzeiro,1.96,3.18,4.46
2023,18:30,Atletico-MG,2,1,Goias,1.57,3.86,6.50
2023,18:30,Bahia,1,1,Athletico-PR,2.30,3.27,3.23
2023,18:30,Cuiaba,2,1,Fortaleza,2.77,2.84,2.96
2023,18:30,Santos,0,0,Sao Paulo,2.68,3.01,2.88
2023,18:30,Vasco,2,1,America MG,1.48,4.33,7.06
2023,21:30,Bahia,4,1,Atletico-MG,2.53,3.53,2.70
2023,21:30,Coritiba,0,2,Corinthians,3.27,3.23,2.31
2023,21:30,Cruzeiro,1,1,Palmeiras,3.93,2.86,2.26
2023,21:30,Cuiaba,3,0,Athletico-PR,2.31,3.11,3.39
2023,21:30,Fluminense,2,3,Gremio,2.08,3.79,3.28
2023,21:30,Internacional,3,1,Botafogo RJ,2.09,3.36,3.66
2023,21:30,Santos,1,2,Fortaleza,1.94,3.30,4.37
2023,21:30,Sao Paulo,1,0,Flamengo RJ,3.37,3.31,2.22
2023,21:30,Vasco,2,1,Bragantino,2.18,3.33,3.45
2023,19:00,Goias,1,0,America MG,1.72,3.99,4.56
2023,18:30,America MG,3,2,Bahia,3.74,3.68,1.96
2023,18:30,Athletico-PR,3,0,Santos,1.97,3.38,4.08
2023,18:30,Botafogo RJ,0,0,Cruzeiro,1.92,3.44,4.18
2023,18:30,Bragantino,1,0,Coritiba,1.20,7.19,12.99
2023,18:30,Fortaleza,1,0,Goias,1.41,4.53,8.25
2023,18:30,Gremio,1,0,Vasco,1.84,3.57,4.42
2023,16:00,Flamengo RJ,2,1,Cuiaba,1.37,4.69,9.55
2023,16:00,Palmeiras,1,0,Fluminense,1.27,5.84,10.74
2023,21:00,Atletico-MG,2,1,Sao Paulo,1.66,3.62,6.03
2023,18:00,Corinthians,1,2,Internacional,2.54,2.86,3.31
2023,20:30,Bragantino,1,2,Fortaleza,1.80,3.65,4.58
2023,20:00,Cruzeiro,1,1,Athletico-PR,2.01,3.37,3.98
2023,19:00,Gremio,2,1,Goias,1.53,4.36,6.08
2023,21:30,Coritiba,1,1,Botafogo RJ,4.76,3.70,1.76
2023,21:30,Palmeiras,4,0,America MG,1.19,7.36,13.69
2023,20:00,Bahia,0,1,Sao Paulo,2.27,3.12,3.48
2023,20:00,Cuiaba,0,2,Internacional,3.09,2.84,2.70
2023,19:30,Flamengo RJ,0,3,Atletico-MG,1.74,3.64,5.13
2023,19:00,Santos,0,3,Fluminense,2.43,3.21,3.07
2023,21:30,Vasco,2,4,Corinthians,1.99,3.15,4.34
2023,21:00,Goias,0,1,Cruzeiro,2.84,3.09,2.70
2023,18:30,America MG,0,3,Flamengo RJ,7.74,4.84,1.40
2023,18:30,Fortaleza,2,2,Palmeiras,3.21,3.16,2.38
2023,18:30,Internacional,1,0,Bragantino,2.49,3.31,2.90
2023,18:30,Sao Paulo,0,0,Cuiaba,1.66,3.50,6.35
2023,16:00,Atletico-MG,3,0,Gremio,1.75,3.67,4.88
2023,16:00,Botafogo RJ,1,1,Santos,1.82,3.46,4.73
2023,21:00,Fluminense,2,1,Coritiba,1.34,5.11,9.41
2023,19:30,Athletico-PR,0,0,Vasco,1.95,3.40,4.15
2023,21:00,Corinthians,1,5,Bahia,2.07,3.21,3.95
2023,21:30,Flamengo RJ,1,0,Bragantino,2.11,3.43,3.54
2023,19:00,Fortaleza,2,2,Botafogo RJ,2.16,3.39,3.44
2023,21:30,Fluminense,1,0,Sao Paulo,2.19,3.16,3.60
2023,19:00,Cruzeiro,2,2,Vasco,2.14,3.06,3.91
2023,18:30,Fortaleza,0,1,Cruzeiro,1.96,3.18,4.46
2023,18:30,Atletico-MG,2,1,Goias,1.57,3.86,6.50
2023,18:30,Bahia,1,1,Athletico-PR,2.30,3.27,3.23
2023,18:30,Cuiaba,2,1,Fortaleza,2.77,2.84,2.96
2023,18:30,Santos,0,0,Sao Paulo,2.68,3.01,2.88
2023,18:30,Vasco,2,1,America MG,1.48,4.33,7.06
2023,21:30,Bahia,4,1,Atletico-MG,2.53,3.53,2.70
2023,21:30,Coritiba,0,2,Corinthians,3.27,3.23,2.31
2023,21:30,Cruzeiro,1,1,Palmeiras,3.93,2.86,2.26
2023,21:30,Cuiaba,3,0,Athletico-PR,2.31,3.11,3.39
2023,21:30,Fluminense,2,3,Gremio,2.08,3.79,3.28
2023,21:30,Internacional,3,1,Botafogo RJ,2.09,3.36,3.66
2023,21:30,Santos,1,2,Fortaleza,1.94,3.30,4.37
2023,21:30,Sao Paulo,1,0,Flamengo RJ,3.37,3.31,2.22
2023,21:30,Vasco,2,1,Bragantino,2.18,3.33,3.45
2023,19:00,Goias,1,0,America MG,1.72,3.99,4.56
2023,18:30,America MG,3,2,Bahia,3.74,3.68,1.96
2023,18:30,Athletico-PR,3,0,Santos,1.97,3.38,4.08
2023,18:30,Botafogo RJ,0,0,Cruzeiro,1.92,3.44,4.18
2023,18:30,Bragantino,1,0,Coritiba,1.20,7.19,12.99
2023,18:30,Fortaleza,1,0,Goias,1.41,4.53,8.25
2023,18:30,Gremio,1,0,Vasco,1.84,3.57,4.42
2023,16:00,Flamengo RJ,2,1,Cuiaba,1.37,4.69,9.55
2023,16:00,Palmeiras,1,0,Fluminense,1.27,5.84,10.74
2023,21:00,Atletico-MG,2,1,Sao Paulo,1.66,3.62,6.03
2023,18:00,Corinthians,1,2,Internacional,2.54,2.86,3.31
2023,20:30,Bragantino,1,2,Fortaleza,1.80,3.65,4.58
2023,20:00,Cruzeiro,1,1,Athletico-PR,2.01,3.37,3.98
2023,19:00,Gremio,2,1,Goias,1.53,4.36,6.08
2023,21:30,Coritiba,1,1,Botafogo RJ,4.76,3.70,1.76
2023,21:30,Palmeiras,4,0,America MG,1.19,7.36,13.69
2023,20:00,Bahia,0,1,Sao Paulo,2.27,3.12,3.48
2023,20:00,Cuiaba,0,2,Internacional,3.09,2.84,2.70
2023,19:30,Flamengo RJ,0,3,Atletico-MG,1.74,3.64,5.13
2023,19:00,Santos,0,3,Fluminense,2.43,3.21,3.07
2023,21:30,Vasco,2,4,Corinthians,1.99,3.15,4.34
2023,21:00,Goias,0,1,Cruzeiro,2.84,3.09,2.70
2023,18:30,America MG,0,3,Flamengo RJ,7.74,4.84,1.40
2023,18:30,Fortaleza,2,2,Palmeiras,3.21,3.16,2.38
2023,18:30,Internacional,1,0,Bragantino,2.49,3.31,2.90
2023,18:30,Sao Paulo,0,0,Cuiaba,1.66,3.50,6.35
2023,16:00,Atletico-MG,3,0,Gremio,1.75,3.67,4.88
2023,16:00,Botafogo RJ,1,1,Santos,1.82,3.46,4.73
2023,21:00,Fluminense,2,1,Coritiba,1.34,5.11,9.41
2023,19:30,Athletico-PR,0,0,Vasco,1.95,3.40,4.15
2023,21:00,Corinthians,1,5,Bahia,2.07,3.21,3.95
2023,21:30,Flamengo RJ,1,0,Bragantino,2.11,3.43,3.54
2023,19:00,Fortaleza,2,2,Botafogo RJ,2.16,3.39,3.44
2023,21:30,Fluminense,1,0,Sao Paulo,2.19,3.16,3.60
2023,19:00,Cruzeiro,2,2,Vasco,2.14,3.06,3.91
2023,18:30,Fortaleza,0,1,Cruzeiro,1.96,3.18,4.46
2023,18:30,Atletico-MG,2,1,Goias,1.57,3.86,6.50
2023,18:30,Bahia,1,1,Athletico-PR,2.30,3.27,3.23
2023,18:30,Cuiaba,2,1,Fortaleza,2.77,2.84,2.96
2023,18:30,Santos,0,0,Sao Paulo,2.68,3.01,2.88
2023,18:30,Vasco,2,1,America MG,1.48,4.33,7.06
2023,21:30,Bahia,4,1,Atletico-MG,2.53,3.53,2.70
2023,21:30,Coritiba,0,2,Corinthians,3.27,3.23,2.31
2023,21:30,Cruzeiro,1,1,Palmeiras,3.93,2.86,2.26
2023,21:30,Cuiaba,3,0,Athletico-PR,2.31,3.11,3.39
2023,21:30,Fluminense,2,3,Gremio,2.08,3.79,3.28
2023,21:30,Internacional,3,1,Botafogo RJ,2.09,3.36,3.66
2023,21:30,Santos,1,2,Fortaleza,1.94,3.30,4.37
2023,21:30,Sao Paulo,1,0,Flamengo RJ,3.37,3.31,2.22
2023,21:30,Vasco,2,1,Bragantino,2.18,3.33,3.45
2023,19:00,Goias,1,0,America MG,1.72,3.99,4.56
2023,18:30,America MG,3,2,Bahia,3.74,3.68,1.96
2023,18:30,Athletico-PR,3,0,Santos,1.97,3.38,4.08
2023,18:30,Botafogo RJ,0,0,Cruzeiro,1.92,3.44,4.18
2023,18:30,Bragantino,1,0,Coritiba,1.20,7.19,12.99
2023,18:30,Fortaleza,1,0,Goias,1.41,4.53,8.25
2023,18:30,Gremio,1,0,Vasco,1.84,3.57,4.42
2023,16:00,Flamengo RJ,2,1,Cuiaba,1.37,4.69,9.55
2023,16:00,Palmeiras,1,0,Fluminense,1.27,5.84,10.74
2023,21:00,Atletico-MG,2,1,Sao Paulo,1.66,3.62,6.03
2023,18:00,Corinthians,1,2,Internacional,2.54,2.86,3.31
2023,20:30,Bragantino,1,2,Fortaleza,1.80,3.65,4.58
2023,20:00,Cruzeiro,1,1,Athletico-PR,2.01,3.37,3.98
2023,19:00,Gremio,2,1,Goias,1.53,4.36,6.08
2023,21:30,Coritiba,1,1,Botafogo RJ,4.76,3.70,1.76
2023,21:30,Palmeiras,4,0,America MG,1.19,7.36,13.69
2023,20:00,Bahia,0,1,Sao Paulo,2.27,3.12,3.48
2023,20:00,Cuiaba,0,2,Internacional,3.09,2.84,2.70
2023,19:30,Flamengo RJ,0,3,Atletico-MG,1.74,3.64,5.13
2023,19:00,Santos,0,3,Fluminense,2.43,3.21,3.07
2023,21:30,Vasco,2,4,Corinthians,1.99,3.15,4.34
2023,21:00,Goias,0,1,Cruzeiro,2.84,3.09,2.70
2023,18:30,America MG,0,3,Flamengo RJ,7.74,4.84,1.40
2023,18:30,Fortaleza,2,2,Palmeiras,3.21,3.16,2.38
2023,18:30,Internacional,1,0,Bragantino,2.49,3.31,2.90
2023,18:30,Sao Paulo,0,0,Cuiaba,1.66,3.50,6.35
2023,16:00,Atletico-MG,3,0,Gremio,1.75,3.67,4.88
2023,16:00,Botafogo RJ,1,1,Santos,1.82,3.46,4.73
2023,21:00,Fluminense,2,1,Coritiba,1.34,5.11,9.41
2023,19:30,Athletico-PR,0,0,Vasco,1.95,3.40,4.15
2023,21:00,Corinthians,1,5,Bahia,2.07,3.21,3.95
2023,21:30,Flamengo RJ,1,0,Bragantino,2.11,3.43,3.54
2023,19:00,Fortaleza,2,2,Botafogo RJ,2.16,3.39,3.44
2023,21:30,Fluminense,1,0,Sao Paulo,2.19,3.16,3.60
2023,19:00,Cruzeiro,2,2,Vasco,2.14,3.06,3.91
2023,18:30,Fortaleza,0,1,Cruzeiro,1.96,3.18,4.46
2023,18:30,Atletico-MG,2,1,Goias,1.57,3.86,6.50
2023,18:30,Bahia,1,1,Athletico-PR,2.30,3.27,3.23
2023,18:30,Cuiaba,2,1,Fortaleza,2.77,2.84,2.96
2023,18:30,Santos,0,0,Sao Paulo,2.68,3.01,2.88
2023,18:30,Vasco,2,1,America MG,1.48,4.33,7.06
2023,21:30,Bahia,4,1,Atletico-MG,2.53,3.53,2.70
2023,21:30,Coritiba,0,2,Corinthians,3.27,3.23,2.31
2023,21:30,Cruzeiro,1,1,Palmeiras,3.93,2.86,2.26
2023,21:30,Cuiaba,3,0,Athletico-PR,2.31,3.11,3.39
2023,21:30,Fluminense,2,3,Gremio,2.08,3.79,3.28
2023,21:30,Internacional,3,1,Botafogo RJ,2.09,3.36,3.66
2023,21:30,Santos,1,2,Fortaleza,1.94,3.30,4.37
2023,21:30,Sao Paulo,1,0,Flamengo RJ,3.37,3.31,2.22
2023,21:30,Vasco,2,1,Bragantino,2.18,3.33,3.45
2023,19:00,Goias,1,0,America MG,1.72,3.99,4.56
2023,18:30,America MG,3,2,Bahia,3.74,3.68,1.96
2023,18:30,Athletico-PR,3,0,Santos,1.97,3.38,4.08
2023,18:30,Botafogo RJ,0,0,Cruzeiro,1.92,3.44,4.18
2023,18:30,Bragantino,1,0,Coritiba,1.20,7.19,12.99
2023,18:30,Fortaleza,1,0,Goias,1.41,4.53,8.25
2023,18:30,Gremio,1,0,Vasco,1.84,3.57,4.42
2023,16:00,Flamengo RJ,2,1,Cuiaba,1.37,4.69,9.55
2023,16:00,Palmeiras,1,0,Fluminense,1.27,5.84,10.74
2023,21:00,Atletico-MG,2,1,Sao Paulo,1.66,3.62,6.03
2023,18:00,Corinthians,1,2,Internacional,2.54,2.86,3.31
2023,20:30,Bragantino,1,2,Fortaleza,1.80,3.65,4.58
2023,20:00,Cruzeiro,1,1,Athletico-PR,2.01,3.37,3.98
2023,19:00,Gremio,2,1,Goias,1.53,4.36,6.08
2023,21:30,Coritiba,1,1,Botafogo RJ,4.76,3.70,1.76
2023,21:30,Palmeiras,4,0,America MG,1.19,7.36,13.69
2023,20:00,Bahia,0,1,Sao Paulo,2.27,3.12,3.48
2023,20:00,Cuiaba,0,2,Internacional,3.09,2.84,2.70
2023,19:30,Flamengo RJ,0,3,Atletico-MG,1.74,3.64,5.13
2023,19:00,Santos,0,3,Fluminense,2.43,3.21,3.07
2023,21:30,Vasco,2,4,Corinthians,1.99,3.15,4.34
2023,21:00,Goias,0,1,Cruzeiro,2.84,3.09,2.70
2023,18:30,America MG,0,3,Flamengo RJ,7.74,4.84,1.40
2023,18:30,Fortaleza,2,2,Palmeiras,3.21,3.16,2.38
2023,18:30,Internacional,1,0,Bragantino,2.49,3.31,2.90
2023,18:30,Sao Paulo,0,0,Cuiaba,1.66,3.50,6.35
2023,16:00,Atletico-MG,3,0,Gremio,1.75,3.67,4.88
2023,16:00,Botafogo RJ,1,1,Santos,1.82,3.46,4.73
2023,21:00,Fluminense,2,1,Coritiba,1.34,5.11,9.41
2023,19:30,Athletico-PR,0,0,Vasco,1.95,3.40,4.15
2023,21:00,Corinthians,1,5,Bahia,2.07,3.21,3.95
2023,21:30,Flamengo RJ,1,0,Bragantino,2.11,3.43,3.54
2023,19:00,Fortaleza,2,2,Botafogo RJ,2.16,3.39,3.44
2023,21:30,Fluminense,1,0,Sao Paulo,2.19,3.16,3.60
2023,19:00,Cruzeiro,2,2,Vasco,2.14,3.06,3.91
2023,18:30,Fortaleza,0,1,Cruzeiro,1.96,3.18,4.46
2023,18:30,Atletico-MG,2,1,Goias,1.57,3.86,6.50
2023,18:30,Bahia,1,1,Athletico-PR,2.30,3.27,3.23
2023,18:30,Cuiaba,2,1,Fortaleza,2.77,2.84,2.96
2023,18:30,Santos,0,0,Sao Paulo,2.68,3.01,2.88
2023,18:30,Vasco,2,1,America MG,1.48,4.33,7.06
